id,name,type,state,lon,lat,location_source,status,note_path
"AST-0001","Centro de Refinación Paraguaná (Amuay–Cardón)","refinery-complex","Falcón","-70.171000","11.773000","DS-0012 (OGIM, 2017-01-01)","active-partial per sources","docs/assets/AST-0001-crp-paraguana.md"
"AST-0002","Refinería El Palito","refinery","Carabobo","-68.136000","10.452000","DS-0012 (OGIM, 2017-01-01)","active-partial per sources","docs/assets/AST-0002-el-palito.md"
"AST-0003","Complejo Industrial Morón","refinery-petrochemical","Carabobo","-68.199003","10.522330","gem.wiki (accessed 2026-10-04); OGIM coord discrepancy flagged","active-partial per sources","docs/assets/AST-0003-moron.md"
"AST-0004","Refinería Bajo Grande","refinery","Zulia","-71.714000","10.609000","DS-0012 (OGIM, 2017-01-01); coord discrepancy flagged","out-of-service since 2018-11 per sources; restart attempts reported","docs/assets/AST-0004-bajo-grande.md"
"AST-0005","Petro San Felix (ex-PetroAnzoategui) / Petro Roraima","upgrader","Anzoategui","","","DS-0012 (Jose complex vicinity); exact coords [GAP]","off line ~2019 per sources; areas reassigned to Petro Roraima 2024","docs/assets/AST-0005-petro-san-felix.md"
"AST-0006","PetroSinovensa","blending-plant","Anzoategui","","","DS-0012 (Jose complex vicinity); exact coords [GAP]","sustained operations per sources; outages 2023","docs/assets/AST-0006-sinovensa.md"
"AST-0007","Petrocedeno (ex-Sincor)","upgrader","Anzoategui","","","DS-0012 (Jose complex vicinity); exact coords [GAP]","operating per company statement after 2025-11 fire","docs/assets/AST-0007-petrocedeno.md"
"AST-0008","Petropiar (Hamaca)","upgrader","Anzoategui","","","DS-0012 (Jose complex vicinity); exact coords [GAP]","operating per sources; Chevron license wind-down 2025-03","docs/assets/AST-0008-petropiar.md"
"AST-0009","Lagunillas (Costa Oriental del Lago)","field-cluster-lake","Zulia","","","DS-0012 (1010 Zulia wells, 2021); Alula at Lagunillas per Reuters 2025-09","reactivation by CCRC reported 2025","docs/assets/AST-0009-lagunillas.md"
"AST-0010","Quiriquire (Petroquiriquire)","field-conventional","Monagas","","","DS-0012 (Monagas wells); field coords [GAP]","JV operating; Repsol production rising 2025","docs/assets/AST-0010-quiriquire.md"
"AST-0011","Jusepin","field-gas-plant","Monagas","-63.475237","9.735675","DS-0012 (flaring detections 2026-09-14)","gas plant operating; field legacy","docs/assets/AST-0011-jusepin.md"
"AST-0012","Santa Barbara / Santa Barbara Sur","field-conventional","Monagas","-63.662301","9.622276","DS-0012 (33 flaring detections 2026-09-14)","operating per sources; diluent role","docs/assets/AST-0012-santa-barbara.md"
"AST-0013","Boqueron","field-conventional","Monagas","-63.268084","9.775844","DS-0012 (flaring detection 2026-09-14)","operating per gem.wiki","docs/assets/AST-0013-boqueron.md"
"AST-0014","Complejo Industrial Jose Antonio Anzoategui + Terminal (TAECJAA)","complex-export-terminal","Anzoategui","-64.864000","10.069000","OSM way 265071557 via mapcarta (accessed 2026-10-04); corrected 2026-10-04 from OGIM offshore terminal record","operating; record exports reported Feb 2025","docs/assets/AST-0014-jose-terminal.md"
"AST-0015","Terminal La Salina","shipping-terminal","Zulia","","","public record (Cabimas, COL); OGIM mapping [GAP]","deteriorated; Blend 22 exports Apr 2025","docs/assets/AST-0015-la-salina.md"
"AST-0016","Temblador tank yard","tank-yard","Monagas","-63.063000","8.871000","DS-0012 (2017-01-01)","status [GAP] - no dated public source","docs/assets/AST-0016-temblador.md"
"AST-0017","Offshore platforms (Dragon + unnamed)","offshore-platforms","Sucre/Zulia/Falcon","-61.830000","11.074000","DS-0012 (5 records, 2017-01-01)","Dragon: studies continuing; license volatile; others [GAP]","docs/assets/AST-0017-offshore-platforms.md"
