id,name,provider,category,url,license,access,coverage,resolution,update_frequency,format,redistribution,attribution,status,score,note_path
"DS-0001","Sentinel-2 (Copernicus)","ESA/EU Copernicus","satellite-optical","https://dataspace.copernicus.eu","Free, full and open (EU law; Sentinel Data Legal Notice); attribution notice required","2026-10-04","Global land and coastal; 2015-06-present","10-60 m","~5-day revisit","SAFE (L1C/L2A); OpenSearch/OData, openEO","yes","Copernicus Sentinel data [Year]","open","5","docs/datasets/DS-0001.md"
"DS-0002","Sentinel-1 (Copernicus)","ESA/EU Copernicus","satellite-sar","https://dataspace.copernicus.eu","Free, full and open (EU law; Sentinel Data Legal Notice); attribution notice required","2026-10-04","Global land and ocean; 2014-present","IW GRD ~10 m","constellation-dependent","SAFE (GRD/SLC); OpenSearch/OData","yes","Copernicus Sentinel data [Year]","open","5","docs/datasets/DS-0002.md"
"DS-0003","Landsat 8/9 (USGS)","USGS","satellite-optical","https://earthexplorer.usgs.gov","Public domain (US Government); no restrictions","2026-10-04","Global; 1972-present (all sensors)","30 m (15 m pan)","16-day per satellite (~8-day combined)","GeoTIFF Collection 2 L1/L2; M2M API","yes","USGS source citation requested","open","4","docs/datasets/DS-0003.md"
"DS-0004","NASA FIRMS active fire / hotspots","NASA LANCE/ESDIS","thermal-hotspots","https://firms.modaps.eosdis.nasa.gov","Open (NASA full and open; LANCE disclaimer)","2026-10-04","Global; NRT, MODIS from 2000, VIIRS from 2012 [UNVERIFIED archive depth]","~375 m (VIIRS) / ~1 km (MODIS)","~daily NRT (~3 h)","CSV/SHP/KML; WFS/WMS (MapKey)","yes","NASA FIRMS + LANCE/ESDIS acknowledgment","open","4","docs/datasets/DS-0004.md"
"DS-0005","NASA Black Marble VNP46","NASA LAADS DAAC","nighttime-lights","https://ladsweb.modaps.eosdis.nasa.gov","Public domain (US Government works; NASA open science)","2026-10-04","Global; 2012-01-present (SNPP), 2018-01-present (NOAA-20)","15 arc-sec (~500 m)","daily; monthly/yearly composites","HDF-EOS5; LAADS direct download","yes","DOI 10.5067/VIIRS/VNP46A2.002 requested","open","3","docs/datasets/DS-0005.md"
"DS-0006","World Bank Global Gas Flaring Database","World Bank GFMR","flaring-context","https://datacatalog.worldbank.org/search/dataset/0037743/global-gas-flaring-database","CC BY 4.0","2026-10-04","Global country-level; 2012-present annual","country aggregates","annual","CSV/XLSX via Data Catalog","yes","World Bank GFMR attribution","open","3","docs/datasets/DS-0006.md"
"DS-0007","VIIRS Nightfire (VNF)","EOG, Payne Institute, Colorado School of Mines","flaring-site-level","https://eogdata.mines.edu/products/vnf/","VNF Data Use License (mandatory since 2025-01-10); academic no-cost application; commercial paid; machine-readable redistribution prohibited","2026-10-04","Global; nightly, 2012-present","~750 m","nightly","CSV/SHP via licensed portal","no","EOG/Payne Institute credit + citations","DISPLAY ONLY / RESTRICTED","4","docs/datasets/DS-0007.md"
"DS-0008","Global Oil Infrastructure Tracker (GOIT)","Global Energy Monitor","infrastructure-pipelines","https://globalenergymonitor.org/projects/global-oil-infrastructure-tracker/","CC BY 4.0 (GEM Creative Commons License page)","2026-10-04","Global oil/NGL transmission pipelines; operating + in-development","asset-level with route geometry","annual","XLSX; GIS routes (SHP/GeoJSON)","yes","Global Oil Infrastructure Tracker, Global Energy Monitor, [release]","open","4","docs/datasets/DS-0008.md"
"DS-0009","SkyTruth Cerulean","SkyTruth","oil-slicks-offshore","https://cerulean.skytruth.org","CC BY-SA 4.0 (SkyTruth Terms of Service unless otherwise specified)","2026-10-04","Global marine within Sentinel-1 processing footprint; archive start [UNVERIFIED]","slick polygons from S1 GRD (~10 m input)","continuous, per S1 passes","GeoJSON via OGC API Features","yes (ShareAlike)","SkyTruth credit, keep notices","open","3","docs/datasets/DS-0009.md"
"DS-0010","OCHA HDX Venezuela admin boundaries (COD-AB)","OCHA FISS (source: INE)","basemap-boundaries","https://data.humdata.org/dataset/cod-ab-ven","CC BY-IGO","2026-10-04","Venezuela admin 0-3 (25 states, 336 municipalities, 1135 parishes); reviewed 2025-01-17","vector boundaries","yearly","SHP/GeoJSON/GDB/XLSX","yes","OCHA/INE credit per CC BY-IGO","open","3","docs/datasets/DS-0010.md"
"DS-0011","OpenStreetMap","OpenStreetMap contributors (OSMF)","infrastructure-osm","https://www.openstreetmap.org/copyright","ODbL 1.0; ShareAlike for derived databases","2026-10-04","Global; Venezuela O&G tagging uneven [GAP: completeness unassessed]","vector","continuous","PBF/XML; extracts; Overpass API","yes (ShareAlike)","© OpenStreetMap contributors + ODbL link","open","3","docs/datasets/DS-0011.md"
"DS-0012","OGIM v3.0 (Oil and Gas Infrastructure Mapping)","EDF + MethaneSAT, LLC","infrastructure-ogim","https://zenodo.org/records/22835235","CC BY 4.0 (Zenodo)","2026-10-04","Global 193 countries; upstream/midstream/downstream; VE wells/pipelines/refineries confirmed by local inspection","asset-level points + pipeline lines","regular cadence [UNVERIFIED]","GeoPackage (3.4 GB)","yes","O''Brien et al. 2026 + Omara et al. 2023 ESSD","open","5","docs/datasets/DS-0012.md"
"DS-0013","TROPOMI CH4 L2 (Sentinel-5P, GES DISC)","ESA / NASA GES DISC","methane-column","https://www.earthdata.nasa.gov/data/catalog/ges-disc-s5p-l2-ch4-hir-2-0","NASA open (EOSDIS Data Use Guidance)","2026-10-04","Global; 2017-11-present daily","5.5 x 7 km","daily","netCDF/HDF5; Earthdata/CMR API","yes","NASA EOSDIS citation requested","open","4","docs/datasets/DS-0013.md"
"DS-0014","EMIT L2B CH4 Plume Complexes","NASA (EMIT, ISS)","methane-plumes","https://data.nasa.gov/dataset/emit-l2b-estimated-methane-plume-complexes-60-m-v001-01ae5","Public domain (US Government works)","2026-10-04","52N-52S sunlit; ISS intermittent revisit; 2022-08-present [GAP: V2 record start]","60 m","per ISS pass","COG/GeoJSON; Earthdata","yes","DOI 10.5067/EMIT/EMITL2BCH4PLM requested","open","3","docs/datasets/DS-0014.md"
"DS-0015","EDGAR_2025_GHG gridmaps (v9.0)","EU JRC","emissions-gridded","https://edgar.jrc.ec.europa.eu/dataset_ghg2025","CC BY 4.0 (EU material; IEA CO2 subset NC-ND, CH4 unaffected)","2026-10-04","Global all countries; 1970-2024 annual","0.1 x 0.1 deg","annual releases",".txt/.nc","yes","EU JRC EDGAR citation","open","2","docs/datasets/DS-0015.md"
